C,Si,Mn,P,S,Ni,Cr,Cu,Mo,RR,dA,dB,dC,diagnosis,Tensile,Fracture,Hardness
0.35,0.21,0.77,0.021,0.022,0.01,0.01,0.02,0,825,0.05,0.03,0,397,736,1482,235
0.35,0.3,0.74,0.017,0.024,0.01,0.1,0.01,0,1270,0.07,0.02,0,419,736,1492,249
0.34,0.26,0.74,0.012,0.015,0.01,0.02,0.01,0,1740,0.08,0,0,401,690,1484,239
0.36,0.26,0.7,0.009,0.023,0.08,0.12,0.09,0,610,0.07,0,0.03,394,790,1440,261
0.33,0.21,0.75,0.031,0.019,0.01,0.03,0.02,0,825,0.08,0,0,426,720,1435,230
0.38,0.29,0.7,0.01,0.03,0.06,0.09,0.11,0,610,0.06,0.01,0.01,426,830,1442,262
0.33,0.26,0.76,0.023,0.013,0.01,0.1,0.03,0,1270,0.08,0.02,0,454,778,1568,258
0.32,0.26,0.73,0.015,0.019,0.02,0.02,0.03,0,1740,0.06,0,0,418,748,1478,248
0.37,0.27,0.78,0.016,0.02,0.01,0.11,0.02,0,1270,0.13,0.01,0,416,763,1537,251
0.35,0.25,0.82,0.016,0.023,0.03,0.01,0.01,0,825,0.07,0.04,0,395,722,1427,227
0.37,0.24,0.72,0.015,0.02,0.02,0.02,0.02,0,1740,0.1,0,0,433,776,1495,246
0.32,0.21,0.63,0.007,0.017,0.06,0.1,0.08,0,610,0.06,0.05,0.03,379,715,1416,234
0.35,0.21,0.77,0.021,0.022,0.01,0.01,0.02,0,825,0.05,0.03,0,382,678,1438,218
0.35,0.3,0.74,0.017,0.024,0.01,0.1,0.01,0,1270,0.07,0.02,0,385,699,1484,231
0.34,0.26,0.74,0.012,0.015,0.01,0.02,0.01,0,1740,0.08,0,0,365,654,1451,218
0.36,0.26,0.7,0.009,0.023,0.08,0.12,0.09,0,610,0.07,0,0.03,379,738,1438,244
0.33,0.21,0.75,0.031,0.019,0.01,0.03,0.02,0,825,0.08,0,0,377,682,1429,218
0.38,0.29,0.7,0.01,0.03,0.06,0.09,0.11,0,610,0.06,0.01,0.01,394,720,1427,244
0.33,0.26,0.76,0.023,0.013,0.01,0.1,0.03,0,1270,0.08,0.02,0,425,721,1502,237
0.32,0.26,0.73,0.015,0.019,0.02,0.02,0.03,0,1740,0.06,0,0,395,688,1401,226
0.37,0.27,0.78,0.016,0.02,0.01,0.11,0.02,0,1270,0.13,0.01,0,393,705,1479,230
0.35,0.25,0.82,0.016,0.023,0.03,0.01,0.01,0,825,0.07,0.04,0,375,681,1419,217
0.37,0.24,0.72,0.015,0.02,0.02,0.02,0.02,0,1740,0.1,0,0,389,721,1462,226
0.32,0.21,0.63,0.007,0.017,0.06,0.1,0.08,0,610,0.06,0.05,0.03,358,672,1412,217
0.35,0.21,0.77,0.021,0.022,0.01,0.01,0.02,0,825,0.05,0.03,0,344,635,1384,201
0.35,0.3,0.74,0.017,0.024,0.01,0.1,0.01,0,1270,0.07,0.02,0,369,652,1457,208
0.34,0.26,0.74,0.012,0.015,0.01,0.02,0.01,0,1740,0.08,0,0,325,613,1370,203
0.36,0.26,0.7,0.009,0.023,0.08,0.12,0.09,0,610,0.07,0,0.03,338,667,1412,219
0.33,0.21,0.75,0.031,0.019,0.01,0.03,0.02,0,825,0.08,0,0,362,651,1377,207
0.38,0.29,0.7,0.01,0.03,0.06,0.09,0.11,0,610,0.06,0.01,0.01,361,701,1418,221
0.33,0.26,0.76,0.023,0.013,0.01,0.1,0.03,0,1270,0.08,0.02,0,385,667,1487,215
0.32,0.26,0.73,0.015,0.019,0.02,0.02,0.03,0,1740,0.06,0,0,348,638,1358,202
0.37,0.27,0.78,0.016,0.02,0.01,0.11,0.02,0,1270,0.13,0.01,0,368,659,1450,212
0.35,0.25,0.82,0.016,0.023,0.03,0.01,0.01,0,825,0.07,0.04,0,341,631,1395,201
0.37,0.24,0.72,0.015,0.02,0.02,0.02,0.02,0,1740,0.1,0,0,365,665,1395,206
0.32,0.21,0.63,0.007,0.017,0.06,0.1,0.08,0,610,0.06,0.05,0.03,325,616,1370,195
0.45,0.25,0.79,0.018,0.016,0.02,0.13,0.02,0,1740,0.07,0,0,513,923,1617,297
0.45,0.26,0.76,0.027,0.019,0.01,0.11,0.02,0,1270,0.12,0.01,0,448,801,1534,271
0.45,0.24,0.71,0.01,0.009,0.12,0.06,0.13,0,610,0.06,0,0.01,465,874,1510,289
0.44,0.24,0.82,0.021,0.021,0.03,0.02,0.02,0,825,0.1,0.03,0.01,446,809,1481,258
0.42,0.22,0.78,0.022,0.02,0.01,0.02,0.03,0,825,0.11,0.04,0,437,766,1480,254
0.48,0.25,0.75,0.024,0.022,0.02,0.1,0.01,0,1740,0.08,0,0,502,929,1627,298
0.47,0.25,0.72,0.015,0.01,0.13,0.04,0.04,0,610,0.04,0,0.03,465,882,1554,281
0.43,0.22,0.83,0.017,0.016,0.01,0.12,0.01,0,1740,0.06,0,0,475,843,1598,278
0.49,0.26,0.8,0.027,0.023,0.02,0.09,0.01,0,1270,0.13,0.01,0,504,910,1587,298
0.45,0.25,0.79,0.011,0.025,0.12,0.04,0.15,0,610,0.09,0,0.04,486,925,1544,301
0.42,0.26,0.7,0.024,0.01,0.01,0.1,0.01,0,1270,0.04,0.01,0,452,819,1477,255
0.45,0.25,0.79,0.018,0.016,0.02,0.13,0.02,0,1740,0.07,0,0,459,828,1540,266
0.45,0.26,0.76,0.027,0.019,0.01,0.11,0.02,0,1270,0.12,0.01,0,415,748,1486,245
0.45,0.24,0.71,0.01,0.009,0.12,0.06,0.13,0,610,0.06,0,0.01,437,812,1503,260
0.44,0.24,0.82,0.021,0.021,0.03,0.02,0.02,0,825,0.1,0.03,0.01,415,760,1465,239
0.42,0.22,0.78,0.022,0.02,0.01,0.02,0.03,0,825,0.11,0.04,0,401,717,1439,232
0.48,0.25,0.75,0.024,0.022,0.02,0.1,0.01,0,1740,0.08,0,0,463,833,1573,269
0.47,0.25,0.72,0.015,0.01,0.13,0.04,0.04,0,610,0.04,0,0.03,442,806,1523,256
0.43,0.22,0.83,0.017,0.016,0.01,0.12,0.01,0,1740,0.06,0,0,438,774,1539,255
0.49,0.26,0.8,0.027,0.023,0.02,0.09,0.01,0,1270,0.13,0.01,0,468,833,1518,272
0.45,0.25,0.79,0.011,0.025,0.12,0.04,0.15,0,610,0.09,0,0.04,452,811,1488,268
0.42,0.26,0.7,0.024,0.01,0.01,0.1,0.01,0,1270,0.04,0.01,0,422,765,1486,237
0.45,0.25,0.79,0.018,0.016,0.02,0.13,0.02,0,1740,0.07,0,0,413,735,1485,240
0.45,0.26,0.76,0.027,0.019,0.01,0.11,0.02,0,1270,0.12,0.01,0,395,696,1445,233
0.45,0.24,0.71,0.01,0.009,0.12,0.06,0.13,0,610,0.06,0,0.01,398,736,1471,237
0.44,0.24,0.82,0.021,0.021,0.03,0.02,0.02,0,825,0.1,0.03,0.01,378,696,1424,219
0.42,0.22,0.78,0.022,0.02,0.01,0.02,0.03,0,825,0.11,0.04,0,372,669,1373,215
0.48,0.25,0.75,0.024,0.022,0.02,0.1,0.01,0,1740,0.08,0,0,415,738,1496,237
0.47,0.25,0.72,0.015,0.01,0.13,0.04,0.04,0,610,0.04,0,0.03,396,741,1489,235
0.43,0.22,0.83,0.017,0.016,0.01,0.12,0.01,0,1740,0.06,0,0,388,706,1476,230
0.49,0.26,0.8,0.027,0.023,0.02,0.09,0.01,0,1270,0.13,0.01,0,415,744,1449,245
0.45,0.25,0.79,0.011,0.025,0.12,0.04,0.15,0,610,0.09,0,0.04,398,723,1451,236
0.42,0.26,0.7,0.024,0.01,0.01,0.1,0.01,0,1270,0.04,0.01,0,382,706,1465,220
0.55,0.23,0.76,0.018,0.012,0.01,0.09,0.01,0,1740,0.07,0,0,523,962,1603,309
0.54,0.26,0.76,0.022,0.021,0.02,0.12,0.01,0,1270,0.08,0.01,0,534,956,1614,308
0.52,0.29,0.83,0.016,0.025,0.04,0.04,0.02,0,825,0.12,0.02,0,489,906,1574,290
0.56,0.26,0.37,0.019,0.026,0.04,0.13,0.11,0,660,0.06,0,0,500,967,1583,317
0.54,0.2,0.75,0.013,0.019,0.01,0.01,0.01,0,825,0.1,0,0,495,896,1537,280
0.57,0.23,0.74,0.018,0.017,0.01,0.12,0.02,0,1740,0.08,0,0,522,957,1638,314
0.53,0.3,0.83,0.019,0.026,0.02,0.12,0.01,0,1270,0.09,0,0,531,957,1626,306
0.57,0.3,0.82,0.024,0.022,0.02,0.1,0.01,0,1270,0.1,0.01,0,533,985,1640,319
0.56,0.25,0.68,0.009,0.023,0.03,0.1,0.03,0,610,0.06,0,0.04,492,918,1517,291
0.52,0.21,0.8,0.021,0.021,0.02,0.1,0.02,0,1740,0.09,0,0,505,929,1619,307
0.54,0.27,0.7,0.017,0.02,0.06,0.1,0.22,0,610,0.08,0,0.04,541,1006,1542,325
0.55,0.23,0.76,0.018,0.012,0.01,0.09,0.01,0,1740,0.07,0,0,468,854,1518,276
0.54,0.26,0.76,0.022,0.021,0.02,0.12,0.01,0,1270,0.08,0.01,0,459,848,1521,275
0.52,0.29,0.83,0.016,0.025,0.04,0.04,0.02,0,825,0.12,0.02,0,444,823,1512,261
0.56,0.26,0.37,0.019,0.026,0.04,0.13,0.11,0,660,0.06,0,0,458,860,1468,283
0.54,0.2,0.75,0.013,0.019,0.01,0.01,0.01,0,825,0.1,0,0,445,830,1512,259
0.57,0.23,0.74,0.018,0.017,0.01,0.12,0.02,0,1740,0.08,0,0,464,844,1538,281
0.53,0.3,0.83,0.019,0.026,0.02,0.12,0.01,0,1270,0.09,0,0,466,850,1514,276
0.57,0.3,0.82,0.024,0.022,0.02,0.1,0.01,0,1270,0.1,0.01,0,486,870,1520,282
0.56,0.25,0.68,0.009,0.023,0.03,0.1,0.03,0,610,0.06,0,0.04,461,840,1479,266
0.52,0.21,0.8,0.021,0.021,0.02,0.1,0.02,0,1740,0.09,0,0,464,837,1535,277
0.54,0.27,0.7,0.017,0.02,0.06,0.1,0.22,0,610,0.08,0,0.04,475,893,1531,285
0.55,0.23,0.76,0.018,0.012,0.01,0.09,0.01,0,1740,0.07,0,0,419,757,1440,248
0.54,0.26,0.76,0.022,0.021,0.02,0.12,0.01,0,1270,0.08,0.01,0,418,766,1484,249
0.52,0.29,0.83,0.016,0.025,0.04,0.04,0.02,0,825,0.12,0.02,0,402,746,1446,235
0.56,0.26,0.37,0.019,0.026,0.04,0.13,0.11,0,660,0.06,0,0,398,777,1444,253
0.54,0.2,0.75,0.013,0.019,0.01,0.01,0.01,0,825,0.1,0,0,411,749,1417,234
0.57,0.23,0.74,0.018,0.017,0.01,0.12,0.02,0,1740,0.08,0,0,428,757,1460,249
0.53,0.3,0.83,0.019,0.026,0.02,0.12,0.01,0,1270,0.09,0,0,415,759,1465,250
0.57,0.3,0.82,0.024,0.022,0.02,0.1,0.01,0,1270,0.1,0.01,0,425,777,1448,253
0.56,0.25,0.68,0.009,0.023,0.03,0.1,0.03,0,610,0.06,0,0.04,412,762,1428,242
0.52,0.21,0.8,0.021,0.021,0.02,0.1,0.02,0,1740,0.09,0,0,410,742,1464,249
0.54,0.27,0.7,0.017,0.02,0.06,0.1,0.22,0,610,0.08,0,0.04,415,778,1441,249
0.43,0.24,0.74,0.022,0.013,0.03,1.12,0.02,0,1740,0.03,0,0,582,1052,1756,328
0.42,0.27,0.71,0.01,0.008,0.02,0.96,0.04,0,820,0.01,0,0.01,524,1006,1745,328
0.4,0.31,0.78,0.012,0.01,0.07,1.1,0.13,0,1120,0.02,0,0.03,583,1084,1775,343
0.42,0.22,0.72,0.016,0.014,0.03,1.06,0.01,0,1740,0.03,0,0.01,569,1015,1779,320
0.39,0.25,0.73,0.011,0.005,0.06,0.98,0.11,0,820,0.01,0.01,0.01,536,1073,1735,344
0.42,0.32,0.81,0.014,0.007,0.03,1.09,0.04,0,1120,0.01,0,0.01,577,1092,1777,344
0.42,0.26,0.78,0.01,0.004,0.04,0.94,0.05,0,820,0.03,0,0.02,565,1077,1720,345
0.4,0.32,0.79,0.013,0.011,0.05,1.09,0.04,0,1120,0.02,0,0.01,562,1036,1760,324
0.43,0.24,0.74,0.022,0.013,0.03,1.12,0.02,0,1740,0.03,0,0,522,969,1665,299
0.42,0.27,0.71,0.01,0.008,0.02,0.96,0.04,0,820,0.01,0,0.01,504,902,1638,297
0.4,0.31,0.78,0.012,0.01,0.07,1.1,0.13,0,1120,0.02,0,0.03,516,979,1667,318
0.42,0.22,0.72,0.016,0.014,0.03,1.06,0.01,0,1740,0.03,0,0.01,517,935,1656,296
0.39,0.25,0.73,0.011,0.005,0.06,0.98,0.11,0,820,0.01,0.01,0.01,511,962,1650,305
0.42,0.32,0.81,0.014,0.007,0.03,1.09,0.04,0,1120,0.01,0,0.01,518,985,1672,306
0.42,0.26,0.78,0.01,0.004,0.04,0.94,0.05,0,820,0.03,0,0.02,524,956,1679,312
0.4,0.32,0.79,0.013,0.011,0.05,1.09,0.04,0,1120,0.02,0,0.01,503,949,1664,300
0.43,0.24,0.74,0.022,0.013,0.03,1.12,0.02,0,1740,0.03,0,0,483,888,1671,277
0.42,0.27,0.71,0.01,0.008,0.02,0.96,0.04,0,820,0.01,0,0.01,457,862,1627,272
0.4,0.31,0.78,0.012,0.01,0.07,1.1,0.13,0,1120,0.02,0,0.03,482,869,1627,277
0.42,0.22,0.72,0.016,0.014,0.03,1.06,0.01,0,1740,0.03,0,0.01,470,857,1647,272
0.39,0.25,0.73,0.011,0.005,0.06,0.98,0.11,0,820,0.01,0.01,0.01,459,878,1616,279
0.42,0.32,0.81,0.014,0.007,0.03,1.09,0.04,0,1120,0.01,0,0.01,490,897,1647,277
0.42,0.26,0.78,0.01,0.004,0.04,0.94,0.05,0,820,0.03,0,0.02,485,861,1619,280
0.4,0.32,0.79,0.013,0.011,0.05,1.09,0.04,0,1120,0.02,0,0.01,483,880,1683,277
0.36,0.3,0.73,0.017,0.016,0.05,1.01,0.19,0.16,820,0.08,0,0.01,587,1118,1784,362
0.35,0.3,0.7,0.019,0.012,0.02,1.03,0.01,0.15,1250,0,0,0.02,571,1048,1802,341
0.36,0.27,0.79,0.012,0.007,0.03,1.03,0.04,0.17,1120,0,0,0.01,578,1092,1797,350
0.36,0.23,0.81,0.014,0.022,0.05,0.99,0.08,0.16,530,0.02,0,0,526,1053,1825,342
0.34,0.25,0.72,0.019,0.011,0.12,1.01,0.1,0.17,500,0.08,0,0.01,535,1080,1796,352
0.36,0.35,0.74,0.016,0.02,0.05,0.97,0.12,0.15,740,0.02,0,0.01,572,1099,1819,354
0.37,0.23,0.82,0.012,0.017,0.04,1.09,0.05,0.16,530,0.01,0.01,0,562,1075,1816,352
0.35,0.25,0.8,0.02,0.017,0.08,0.99,0.18,0.19,1120,0.03,0,0.01,563,1088,1757,348
0.35,0.25,0.71,0.02,0.013,0.02,1.06,0.02,0.17,1740,0.05,0,0,583,1111,1886,353
0.33,0.27,0.69,0.015,0.008,0.04,0.99,0.05,0.18,640,0.03,0,0,585,1085,1805,347
0.35,0.25,0.7,0.026,0.018,0.01,1,0.02,0.16,820,0.1,0,0,592,1102,1838,350
0.37,0.29,0.76,0.017,0.009,0.12,1.01,0.12,0.16,500,0.05,0,0.02,573,1102,1821,349
0.38,0.27,0.8,0.015,0.012,0.07,1.07,0.12,0.16,1120,0.03,0,0.02,536,1206,1898,377
0.34,0.29,0.71,0.019,0.013,0.11,1.05,0.12,0.16,500,0.08,0,0,557,1082,1806,350
0.36,0.3,0.73,0.017,0.016,0.05,1.01,0.19,0.16,820,0.08,0,0.01,552,984,1735,321
0.35,0.3,0.7,0.019,0.012,0.02,1.03,0.01,0.15,1250,0,0,0.02,519,955,1745,309
0.36,0.27,0.79,0.012,0.007,0.03,1.03,0.04,0.17,1120,0,0,0.01,524,964,1742,306
0.36,0.23,0.81,0.014,0.022,0.05,0.99,0.08,0.16,530,0.02,0,0,508,937,1698,309
0.34,0.25,0.72,0.019,0.011,0.12,1.01,0.1,0.17,500,0.08,0,0.01,490,978,1749,320
0.36,0.35,0.74,0.016,0.02,0.05,0.97,0.12,0.15,740,0.02,0,0.01,550,1008,1693,329
0.37,0.23,0.82,0.012,0.017,0.04,1.09,0.05,0.16,530,0.01,0.01,0,515,956,1721,317
0.35,0.25,0.8,0.02,0.017,0.08,0.99,0.18,0.19,1120,0.03,0,0.01,530,952,1719,305
0.35,0.25,0.71,0.02,0.013,0.02,1.06,0.02,0.17,1740,0.05,0,0,546,989,1828,316
0.33,0.27,0.69,0.015,0.008,0.04,0.99,0.05,0.18,640,0.03,0,0,535,973,1786,315
0.35,0.25,0.7,0.026,0.018,0.01,1,0.02,0.16,820,0.1,0,0,550,1010,1801,317
0.37,0.29,0.76,0.017,0.009,0.12,1.01,0.12,0.16,500,0.05,0,0.02,542,996,1759,322
0.38,0.27,0.8,0.015,0.012,0.07,1.07,0.12,0.16,1120,0.03,0,0.02,592,1067,1725,339
0.34,0.29,0.71,0.019,0.013,0.11,1.05,0.12,0.16,500,0.08,0,0,524,974,1671,315
0.36,0.3,0.73,0.017,0.016,0.05,1.01,0.19,0.16,820,0.08,0,0.01,497,897,1637,286
0.35,0.3,0.7,0.019,0.012,0.02,1.03,0.01,0.15,1250,0,0,0.02,491,846,1772,277
0.36,0.27,0.79,0.012,0.007,0.03,1.03,0.04,0.17,1120,0,0,0.01,463,853,1622,271
0.36,0.23,0.81,0.014,0.022,0.05,0.99,0.08,0.16,530,0.02,0,0,464,847,1720,274
0.34,0.25,0.72,0.019,0.011,0.12,1.01,0.1,0.17,500,0.08,0,0.01,459,867,1701,288
0.36,0.35,0.74,0.016,0.02,0.05,0.97,0.12,0.15,740,0.02,0,0.01,489,907,1677,292
0.37,0.23,0.82,0.012,0.017,0.04,1.09,0.05,0.16,530,0.01,0.01,0,477,875,1684,287
0.35,0.25,0.8,0.02,0.017,0.08,0.99,0.18,0.19,1120,0.03,0,0.01,469,870,1672,275
0.35,0.25,0.71,0.02,0.013,0.02,1.06,0.02,0.17,1740,0.05,0,0,496,898,1759,290
0.33,0.27,0.69,0.015,0.008,0.04,0.99,0.05,0.18,640,0.03,0,0,467,864,1705,284
0.35,0.25,0.7,0.026,0.018,0.01,1,0.02,0.16,820,0.1,0,0,511,919,1755,290
0.37,0.29,0.76,0.017,0.009,0.12,1.01,0.12,0.16,500,0.05,0,0.02,490,903,1704,287
0.38,0.27,0.8,0.015,0.012,0.07,1.07,0.12,0.16,1120,0.03,0,0.02,523,948,1724,303
0.34,0.29,0.71,0.019,0.013,0.11,1.05,0.12,0.16,500,0.08,0,0,476,891,1725,287
0.41,0.24,0.77,0.014,0.015,0.04,1.06,0.05,0.2,530,0.03,0,0,610,1139,1874,372
0.39,0.27,0.86,0.019,0.008,0.1,0.96,0.12,0.17,500,0.08,0,0.01,581,1141,1779,375
0.43,0.26,0.74,0.019,0.012,0.02,1.07,0.02,0.22,1740,0.06,0,0,625,1203,1901,375
0.4,0.26,0.77,0.018,0.005,0.05,0.98,0.13,0.17,610,0.05,0,0.01,562,1160,1821,371
0.41,0.24,0.8,0.015,0.024,0.03,1.02,0.1,0.18,510,0.04,0,0.01,635,1199,1890,380
0.41,0.25,0.74,0.013,0.019,0.05,0.99,0.08,0.16,700,0.03,0,0,566,1150,1898,361
0.39,0.28,0.77,0.021,0.018,0.09,1.08,0.15,0.19,1120,0.02,0,0.01,638,1202,1851,376
0.37,0.24,0.69,0.018,0.016,0.02,1,0.02,0.19,1740,0.06,0,0.01,606,1108,1915,360
0.42,0.29,0.77,0.015,0.017,0.12,1.1,0.09,0.15,500,0.09,0.01,0.01,582,1181,1880,373
0.42,0.28,0.75,0.015,0.008,0.07,1.04,0.12,0.17,820,0.04,0,0.01,634,1179,1847,379
0.4,0.26,0.74,0.024,0.017,0.13,1.01,0.15,0.17,500,0.1,0,0,585,1109,1775,354
0.4,0.25,0.87,0.011,0.015,0.07,1.06,0.11,0.18,700,0.07,0.01,0,603,1146,1873,367
0.4,0.22,0.7,0.01,0.004,0.04,0.94,0.12,0.17,820,0.02,0,0.02,625,1155,1852,373
0.4,0.25,0.74,0.014,0.028,0.24,0.96,0.1,0.18,510,0.04,0,0.03,631,1202,1931,371
0.44,0.26,0.75,0.017,0.012,0.02,1.05,0.02,0.21,1740,0.04,0,0,625,1178,1924,373
0.41,0.24,0.77,0.014,0.015,0.04,1.06,0.05,0.2,530,0.03,0,0,551,1030,1804,337
0.39,0.27,0.86,0.019,0.008,0.1,0.96,0.12,0.17,500,0.08,0,0.01,539,1027,1682,336
0.43,0.26,0.74,0.019,0.012,0.02,1.07,0.02,0.22,1740,0.06,0,0,564,1079,1834,334
0.4,0.26,0.77,0.018,0.005,0.05,0.98,0.13,0.17,610,0.05,0,0.01,550,1062,1764,339
0.41,0.24,0.8,0.015,0.024,0.03,1.02,0.1,0.18,510,0.04,0,0.01,590,1091,1799,348
0.41,0.25,0.74,0.013,0.019,0.05,0.99,0.08,0.16,700,0.03,0,0,527,1002,1758,326
0.39,0.28,0.77,0.021,0.018,0.09,1.08,0.15,0.19,1120,0.02,0,0.01,557,1066,1756,338
0.37,0.24,0.69,0.018,0.016,0.02,1,0.02,0.19,1740,0.06,0,0.01,551,995,1809,324
0.42,0.29,0.77,0.015,0.017,0.12,1.1,0.09,0.15,500,0.09,0.01,0.01,583,1064,1788,340
0.42,0.28,0.75,0.015,0.008,0.07,1.04,0.12,0.17,820,0.04,0,0.01,570,1072,1773,343
0.4,0.26,0.74,0.024,0.017,0.13,1.01,0.15,0.17,500,0.1,0,0,543,1005,1718,324
0.4,0.25,0.87,0.011,0.015,0.07,1.06,0.11,0.18,700,0.07,0.01,0,543,1013,1750,328
0.4,0.22,0.7,0.01,0.004,0.04,0.94,0.12,0.17,820,0.02,0,0.02,563,1049,1783,338
0.4,0.25,0.74,0.014,0.028,0.24,0.96,0.1,0.18,510,0.04,0,0.03,577,1091,1815,335
0.44,0.26,0.75,0.017,0.012,0.02,1.05,0.02,0.21,1740,0.04,0,0,578,1063,1795,338
0.41,0.24,0.77,0.014,0.015,0.04,1.06,0.05,0.2,530,0.03,0,0,490,890,1681,289
0.39,0.27,0.86,0.019,0.008,0.1,0.96,0.12,0.17,500,0.08,0,0.01,496,912,1601,301
0.43,0.26,0.74,0.019,0.012,0.02,1.07,0.02,0.22,1740,0.06,0,0,511,971,1768,304
0.4,0.26,0.77,0.018,0.005,0.05,0.98,0.13,0.17,610,0.05,0,0.01,494,905,1592,294
0.41,0.24,0.8,0.015,0.024,0.03,1.02,0.1,0.18,510,0.04,0,0.01,517,950,1685,309
0.41,0.25,0.74,0.013,0.019,0.05,0.99,0.08,0.16,700,0.03,0,0,480,922,1665,295
0.39,0.28,0.77,0.021,0.018,0.09,1.08,0.15,0.19,1120,0.02,0,0.01,502,924,1741,290
0.37,0.24,0.69,0.018,0.016,0.02,1,0.02,0.19,1740,0.06,0,0.01,504,895,1724,295
0.42,0.29,0.77,0.015,0.017,0.12,1.1,0.09,0.15,500,0.09,0.01,0.01,505,938,1693,298
0.42,0.28,0.75,0.015,0.008,0.07,1.04,0.12,0.17,820,0.04,0,0.01,502,905,1643,291
0.4,0.26,0.74,0.024,0.017,0.13,1.01,0.15,0.17,500,0.1,0,0,496,903,1689,294
0.4,0.25,0.87,0.011,0.015,0.07,1.06,0.11,0.18,700,0.07,0.01,0,501,941,1652,302
0.4,0.22,0.7,0.01,0.004,0.04,0.94,0.12,0.17,820,0.02,0,0.02,517,933,1709,300
0.4,0.25,0.74,0.014,0.028,0.24,0.96,0.1,0.18,510,0.04,0,0.03,523,948,1745,300
0.44,0.26,0.75,0.017,0.012,0.02,1.05,0.02,0.21,1740,0.04,0,0,516,949,1772,307
0.39,0.22,1.57,0.017,0.018,0.05,0.13,0.06,0,480,0.01,0,0.01,486,889,1614,290
0.38,0.27,1.52,0.012,0.007,0.03,0.13,0.07,0,610,0.03,0,0.01,427,847,1559,277
0.4,0.25,1.34,0.017,0.015,0.02,0.13,0.02,0,1740,0.06,0,0.01,510,924,1641,300
0.4,0.22,1.56,0.011,0.019,0.06,0.09,0.05,0,530,0.02,0,0.01,451,854,1584,281
0.41,0.24,1.51,0.02,0.008,0.04,0.22,0.08,0,610,0.02,0.01,0.02,425,890,1552,289
0.38,0.21,1.59,0.017,0.015,0.03,0.2,0.05,0,480,0.02,0,0,432,804,1569,258
0.4,0.25,1.38,0.017,0.012,0.02,0.03,0.02,0,1740,0.06,0,0.01,482,892,1619,284
0.39,0.22,1.57,0.017,0.018,0.05,0.13,0.06,0,480,0.01,0,0.01,435,811,1564,265
0.38,0.27,1.52,0.012,0.007,0.03,0.13,0.07,0,610,0.03,0,0.01,406,790,1524,255
0.4,0.25,1.34,0.017,0.015,0.02,0.13,0.02,0,1740,0.06,0,0.01,470,844,1566,275
0.4,0.22,1.56,0.011,0.019,0.06,0.09,0.05,0,530,0.02,0,0.01,438,799,1547,259
0.41,0.24,1.51,0.02,0.008,0.04,0.22,0.08,0,610,0.02,0.01,0.02,404,815,1529,263
0.38,0.21,1.59,0.017,0.015,0.03,0.2,0.05,0,480,0.02,0,0,406,753,1520,238
0.4,0.25,1.38,0.017,0.012,0.02,0.03,0.02,0,1740,0.06,0,0.01,443,814,1583,260
0.39,0.22,1.57,0.017,0.018,0.05,0.13,0.06,0,480,0.01,0,0.01,397,742,1537,239
0.38,0.27,1.52,0.012,0.007,0.03,0.13,0.07,0,610,0.03,0,0.01,385,734,1480,241
0.4,0.25,1.34,0.017,0.015,0.02,0.13,0.02,0,1740,0.06,0,0.01,425,758,1562,246
0.4,0.22,1.56,0.011,0.019,0.06,0.09,0.05,0,530,0.02,0,0.01,396,715,1498,229
0.41,0.24,1.51,0.02,0.008,0.04,0.22,0.08,0,610,0.02,0.01,0.02,380,756,1503,242
0.38,0.21,1.59,0.017,0.015,0.03,0.2,0.05,0,480,0.02,0,0,363,700,1499,227
0.4,0.25,1.38,0.017,0.012,0.02,0.03,0.02,0,1740,0.06,0,0.01,398,737,1539,235
0.42,0.23,1.5,0.01,0.009,0.04,0.15,0.05,0,820,0.03,0,0,505,936,1612,302
0.43,0.34,1.38,0.017,0.01,0.08,0.26,0.1,0,1100,0.03,0,0,536,1006,1668,311
0.42,0.21,1.6,0.014,0.015,0.03,0.12,0.07,0,480,0.02,0,0,484,900,1613,298
0.42,0.24,1.58,0.014,0.022,0.06,0.17,0.07,0,480,0.02,0,0,495,922,1614,302
0.42,0.21,1.51,0.026,0.019,0.02,0.12,0.01,0,1510,0,0,0.03,551,988,1666,317
0.45,0.33,1.58,0.008,0.007,0.06,0.1,0.08,0,740,0.02,0,0.01,477,955,1622,303
0.41,0.34,1.36,0.02,0.015,0.07,0.27,0.1,0,1100,0.04,0,0,530,980,1669,312
0.4,0.25,1.47,0.027,0.016,0.02,0.04,0.01,0,1510,0,0,0.02,516,951,1599,300
0.41,0.22,1.48,0.01,0.007,0.03,0.08,0.06,0,820,0.02,0,0.01,445,882,1587,287
0.46,0.3,1.49,0.014,0.008,0.1,0.26,0.1,0,1100,0.03,0,0,551,1029,1689,321
0.43,0.26,1.46,0.012,0.017,0.02,0.19,0.02,0,1740,0.07,0,0,510,964,1671,306
0.41,0.22,1.58,0.014,0.018,0.04,0.13,0.05,0,480,0.02,0,0,443,888,1634,297
0.42,0.23,1.5,0.01,0.009,0.04,0.15,0.05,0,820,0.03,0,0,449,837,1559,265
0.43,0.34,1.38,0.017,0.01,0.08,0.26,0.1,0,1100,0.03,0,0,502,917,1592,287
0.42,0.21,1.6,0.014,0.015,0.03,0.12,0.07,0,480,0.02,0,0,451,837,1567,272
0.42,0.24,1.58,0.014,0.022,0.06,0.17,0.07,0,480,0.02,0,0,459,842,1558,270
0.42,0.21,1.51,0.026,0.019,0.02,0.12,0.01,0,1510,0,0,0.03,497,890,1583,286
0.45,0.33,1.58,0.008,0.007,0.06,0.1,0.08,0,740,0.02,0,0.01,451,874,1580,277
0.41,0.34,1.36,0.02,0.015,0.07,0.27,0.1,0,1100,0.04,0,0,497,897,1589,286
0.4,0.25,1.47,0.027,0.016,0.02,0.04,0.01,0,1510,0,0,0.02,461,862,1559,270
0.41,0.22,1.48,0.01,0.007,0.03,0.08,0.06,0,820,0.02,0,0.01,399,801,1552,260
0.46,0.3,1.49,0.014,0.008,0.1,0.26,0.1,0,1100,0.03,0,0,502,935,1612,294
0.43,0.26,1.46,0.012,0.017,0.02,0.19,0.02,0,1740,0.07,0,0,490,878,1620,280
0.41,0.22,1.58,0.014,0.018,0.04,0.13,0.05,0,480,0.02,0,0,424,816,1558,273
0.42,0.23,1.5,0.01,0.009,0.04,0.15,0.05,0,820,0.03,0,0,411,757,1527,242
0.43,0.34,1.38,0.017,0.01,0.08,0.26,0.1,0,1100,0.03,0,0,448,826,1575,260
0.42,0.21,1.6,0.014,0.015,0.03,0.12,0.07,0,480,0.02,0,0,404,755,1531,242
0.42,0.24,1.58,0.014,0.022,0.06,0.17,0.07,0,480,0.02,0,0,411,760,1535,243
0.42,0.21,1.51,0.026,0.019,0.02,0.12,0.01,0,1510,0,0,0.03,438,790,1549,255
0.45,0.33,1.58,0.008,0.007,0.06,0.1,0.08,0,740,0.02,0,0.01,410,805,1497,250
0.41,0.34,1.36,0.02,0.015,0.07,0.27,0.1,0,1100,0.04,0,0,450,829,1580,263
0.4,0.25,1.47,0.027,0.016,0.02,0.04,0.01,0,1510,0,0,0.02,410,772,1531,242
0.41,0.22,1.48,0.01,0.007,0.03,0.08,0.06,0,820,0.02,0,0.01,383,737,1506,237
0.46,0.3,1.49,0.014,0.008,0.1,0.26,0.1,0,1100,0.03,0,0,460,840,1568,265
0.43,0.26,1.46,0.012,0.017,0.02,0.19,0.02,0,1740,0.07,0,0,442,794,1595,257
0.41,0.22,1.58,0.014,0.018,0.04,0.13,0.05,0,480,0.02,0,0,399,744,1524,241
0.32,0.3,0.49,0.008,0.006,2.66,0.82,0.09,0,610,0,0,0.01,563,988,1759,315
0.32,0.24,0.58,0.009,0.01,2.65,0.71,0.06,0,700,0.01,0.01,0.03,530,948,1738,299
0.32,0.29,0.54,0.018,0.004,2.64,0.75,0.05,0,420,0,0,0.02,570,1013,1744,319
0.35,0.26,0.54,0.019,0.003,2.78,0.89,0.05,0,420,0,0,0.02,578,1081,1749,341
0.31,0.22,0.56,0.016,0.016,2.63,0.71,0.1,0,700,0.01,0,0.01,537,962,1718,301
0.33,0.3,0.49,0.009,0.006,2.66,0.82,0.06,0,820,0.01,0,0.01,569,1014,1803,319
0.28,0.27,0.53,0.019,0.009,2.67,0.87,0.05,0,420,0.02,0,0.02,576,1022,1749,322
0.34,0.26,0.65,0.01,0.009,2.63,0.84,0.05,0,700,0.01,0,0.01,549,998,1772,313
0.3,0.27,0.53,0.018,0.008,2.7,0.81,0.07,0,820,0.01,0,0.01,522,989,1762,312
0.32,0.3,0.52,0.013,0.009,2.67,0.77,0.06,0,1740,0.03,0,0,570,1010,1715,316
0.32,0.3,0.49,0.008,0.006,2.66,0.82,0.09,0,610,0,0,0.01,510,906,1683,288
0.32,0.24,0.58,0.009,0.01,2.65,0.71,0.06,0,700,0.01,0.01,0.03,510,886,1714,279
0.32,0.29,0.54,0.018,0.004,2.64,0.75,0.05,0,420,0,0,0.02,517,941,1728,296
0.35,0.26,0.54,0.019,0.003,2.78,0.89,0.05,0,420,0,0,0.02,540,1016,1716,318
0.31,0.22,0.56,0.016,0.016,2.63,0.71,0.1,0,700,0.01,0,0.01,518,897,1682,282
0.33,0.3,0.49,0.009,0.006,2.66,0.82,0.06,0,820,0.01,0,0.01,523,928,1692,292
0.28,0.27,0.53,0.019,0.009,2.67,0.87,0.05,0,420,0.02,0,0.02,537,950,1720,301
0.34,0.26,0.65,0.01,0.009,2.63,0.84,0.05,0,700,0.01,0,0.01,536,918,1690,291
0.3,0.27,0.53,0.018,0.008,2.7,0.81,0.07,0,820,0.01,0,0.01,503,901,1702,281
0.32,0.3,0.52,0.013,0.009,2.67,0.77,0.06,0,1740,0.03,0,0,540,928,1709,290
0.32,0.3,0.49,0.008,0.006,2.66,0.82,0.09,0,610,0,0,0.01,490,840,1654,267
0.32,0.24,0.58,0.009,0.01,2.65,0.71,0.06,0,700,0.01,0.01,0.03,477,821,1682,261
0.32,0.29,0.54,0.018,0.004,2.64,0.75,0.05,0,420,0,0,0.02,483,849,1690,268
0.35,0.26,0.54,0.019,0.003,2.78,0.89,0.05,0,420,0,0,0.02,503,909,1669,286
0.31,0.22,0.56,0.016,0.016,2.63,0.71,0.1,0,700,0.01,0,0.01,471,833,1683,261
0.33,0.3,0.49,0.009,0.006,2.66,0.82,0.06,0,820,0.01,0,0.01,476,851,1685,267
0.28,0.27,0.53,0.019,0.009,2.67,0.87,0.05,0,420,0.02,0,0.02,502,850,1679,268
0.34,0.26,0.65,0.01,0.009,2.63,0.84,0.05,0,700,0.01,0,0.01,496,854,1686,268
0.3,0.27,0.53,0.018,0.008,2.7,0.81,0.07,0,820,0.01,0,0.01,471,838,1650,262
0.32,0.3,0.52,0.013,0.009,2.67,0.77,0.06,0,1740,0.03,0,0,497,846,1707,264
0.39,0.19,0.77,0.01,0.012,1.67,0.72,0.07,0.18,640,0.01,0,0,591,1070,1777,342
0.4,0.23,0.7,0.011,0.01,1.82,0.78,0.09,0.18,740,0.05,0,0.01,590,1087,1792,338
0.4,0.29,0.79,0.022,0.009,1.92,0.96,0.05,0.24,420,0.03,0,0.01,606,1144,1822,359
0.4,0.25,0.7,0.021,0.02,1.63,0.71,0.08,0.17,590,0.07,0,0.01,584,1105,1806,347
0.38,0.26,0.71,0.016,0.017,1.8,0.75,0.04,0.23,940,0.08,0,0.01,604,1125,1884,354
0.4,0.33,0.73,0.011,0.012,1.71,0.74,0.08,0.2,1290,0.06,0,0,591,1089,1842,340
0.42,0.25,0.73,0.012,0.021,1.69,0.73,0.09,0.22,640,0.02,0.01,0.01,588,1108,1840,345
0.38,0.26,0.71,0.016,0.008,1.66,0.72,0.12,0.16,590,0.06,0.01,0,588,1085,1776,347
0.41,0.29,0.74,0.013,0.01,1.84,0.74,0.12,0.22,820,0.04,0,0,550,1117,1840,348
0.39,0.25,0.71,0.015,0.013,1.76,0.82,0.09,0.23,640,0.03,0,0,609,1129,1829,360
0.38,0.29,0.7,0.012,0.008,1.75,0.74,0.07,0.19,820,0.04,0.01,0.01,604,1089,1788,348
0.42,0.3,0.78,0.016,0.004,1.9,0.86,0.04,0.24,420,0.03,0,0,619,1190,1909,369
0.37,0.29,0.76,0.017,0.01,1.88,0.9,0.03,0.24,420,0.07,0,0.01,643,1174,1867,367
0.43,0.26,0.68,0.012,0.018,1.62,0.68,0.09,0.17,590,0.07,0,0,569,1085,1824,345
0.39,0.19,0.77,0.01,0.012,1.67,0.72,0.07,0.18,640,0.01,0,0,551,957,1750,307
0.4,0.23,0.7,0.011,0.01,1.82,0.78,0.09,0.18,740,0.05,0,0.01,543,984,1733,307
0.4,0.29,0.79,0.022,0.009,1.92,0.96,0.05,0.24,420,0.03,0,0.01,543,1037,1746,328
0.4,0.25,0.7,0.021,0.02,1.63,0.71,0.08,0.17,590,0.07,0,0.01,524,985,1716,309
0.38,0.26,0.71,0.016,0.017,1.8,0.75,0.04,0.23,940,0.08,0,0.01,571,1020,1780,318
0.4,0.33,0.73,0.011,0.012,1.71,0.74,0.08,0.2,1290,0.06,0,0,542,990,1761,310
0.42,0.25,0.73,0.012,0.021,1.69,0.73,0.09,0.22,640,0.02,0.01,0.01,531,1005,1755,315
0.38,0.26,0.71,0.016,0.008,1.66,0.72,0.12,0.16,590,0.06,0.01,0,531,962,1702,309
0.41,0.29,0.74,0.013,0.01,1.84,0.74,0.12,0.22,820,0.04,0,0,512,1003,1756,316
0.39,0.25,0.71,0.015,0.013,1.76,0.82,0.09,0.23,640,0.03,0,0,563,1004,1753,322
0.38,0.29,0.7,0.012,0.008,1.75,0.74,0.07,0.19,820,0.04,0.01,0.01,550,975,1713,312
0.42,0.3,0.78,0.016,0.004,1.9,0.86,0.04,0.24,420,0.03,0,0,583,1068,1800,337
0.37,0.29,0.76,0.017,0.01,1.88,0.9,0.03,0.24,420,0.07,0,0.01,583,1069,1800,336
0.43,0.26,0.68,0.012,0.018,1.62,0.68,0.09,0.17,590,0.07,0,0,550,973,1729,313
0.39,0.19,0.77,0.01,0.012,1.67,0.72,0.07,0.18,640,0.01,0,0,482,843,1684,270
0.4,0.23,0.7,0.011,0.01,1.82,0.78,0.09,0.18,740,0.05,0,0.01,482,868,1687,276
0.4,0.29,0.79,0.022,0.009,1.92,0.96,0.05,0.24,420,0.03,0,0.01,490,900,1672,282
0.4,0.25,0.7,0.021,0.02,1.63,0.71,0.08,0.17,590,0.07,0,0.01,476,864,1650,274
0.38,0.26,0.71,0.016,0.017,1.8,0.75,0.04,0.23,940,0.08,0,0.01,483,879,1691,276
0.4,0.33,0.73,0.011,0.012,1.71,0.74,0.08,0.2,1290,0.06,0,0,480,875,1694,276
0.42,0.25,0.73,0.012,0.021,1.69,0.73,0.09,0.22,640,0.02,0.01,0.01,491,883,1667,280
0.38,0.26,0.71,0.016,0.008,1.66,0.72,0.12,0.16,590,0.06,0.01,0,471,848,1633,271
0.41,0.29,0.74,0.013,0.01,1.84,0.74,0.12,0.22,820,0.04,0,0,469,881,1626,279
0.39,0.25,0.71,0.015,0.013,1.76,0.82,0.09,0.23,640,0.03,0,0,490,874,1685,285
0.38,0.29,0.7,0.012,0.008,1.75,0.74,0.07,0.19,820,0.04,0.01,0.01,483,864,1656,279
0.42,0.3,0.78,0.016,0.004,1.9,0.86,0.04,0.24,420,0.03,0,0,498,912,1667,284
0.37,0.29,0.76,0.017,0.01,1.88,0.9,0.03,0.24,420,0.07,0,0.01,491,900,1717,283
0.43,0.26,0.68,0.012,0.018,1.62,0.68,0.09,0.17,590,0.07,0,0,463,855,1641,277
0.47,0.28,0.72,0.011,0.007,1.76,0.79,0.06,0,740,0.03,0,0.01,600,1149,1849,357
0.47,0.19,0.76,0.013,0.013,1.67,0.71,0.06,0,640,0.02,0,0,615,1111,1824,358
0.44,0.25,0.74,0.01,0.009,1.74,0.79,0.09,0,820,0.02,0,0.02,607,1151,1864,358
0.45,0.16,0.79,0.009,0.016,1.65,0.73,0.05,0,640,0.01,0,0,596,1072,1828,348
0.48,0.2,0.7,0.01,0.016,1.66,0.73,0.11,0,640,0.03,0,0,618,1138,1852,358
0.49,0.29,0.69,0.014,0.011,1.8,0.77,0.07,0,820,0.06,0,0.01,585,1167,1851,367
0.47,0.28,0.72,0.011,0.007,1.76,0.79,0.06,0,740,0.03,0,0.01,551,1032,1788,322
0.47,0.19,0.76,0.013,0.013,1.67,0.71,0.06,0,640,0.02,0,0,556,992,1748,318
0.44,0.25,0.74,0.01,0.009,1.74,0.79,0.09,0,820,0.02,0,0.02,550,1026,1769,323
0.45,0.16,0.79,0.009,0.016,1.65,0.73,0.05,0,640,0.01,0,0,537,969,1759,312
0.48,0.2,0.7,0.01,0.016,1.66,0.73,0.11,0,640,0.03,0,0,543,1012,1770,322
0.49,0.29,0.69,0.014,0.011,1.8,0.77,0.07,0,820,0.06,0,0.01,543,1046,1768,328
0.47,0.28,0.72,0.011,0.007,1.76,0.79,0.06,0,740,0.03,0,0.01,471,911,1669,288
0.47,0.19,0.76,0.013,0.013,1.67,0.71,0.06,0,640,0.02,0,0,476,878,1653,281
0.44,0.25,0.74,0.01,0.009,1.74,0.79,0.09,0,820,0.02,0,0.02,482,895,1625,287
0.45,0.16,0.79,0.009,0.016,1.65,0.73,0.05,0,640,0.01,0,0,477,860,1680,281
0.48,0.2,0.7,0.01,0.016,1.66,0.73,0.11,0,640,0.03,0,0,491,881,1668,286
0.49,0.29,0.69,0.014,0.011,1.8,0.77,0.07,0,820,0.06,0,0.01,479,909,1633,290
